balance,avg_spend,history_len,dummy1,dummy2,target_spend
36268,676,6,0,0,1464.3600000000001
9084,433,14,0,0,879.6800000000001
28824,635,50,0,0,1248.48
36027,773,5,0,0,1663.54
27678,506,17,0,0,1319.56
24920,633,11,0,0,1620.4
13203,595,34,0,0,1357.06
38911,503,21,0,0,1184.22
11950,426,15,0,0,659.0
33896,369,34,0,0,1035.92
5983,630,21,0,0,1110.6599999999999
27318,753,43,0,0,1382.3600000000001
44717,635,45,0,0,1814.3400000000001
47004,506,5,0,0,1368.08
44408,432,37,0,0,1650.1599999999999
29277,466,36,0,0,1264.54
5543,708,24,0,0,840.86
19803,551,46,0,0,1301.06
16312,381,14,0,0,820.24
8532,631,31,0,0,807.64
47067,550,17,0,0,1444.3400000000001
10786,772,31,0,0,1277.72
34907,384,43,0,0,1096.1399999999999
30820,747,43,0,0,1558.4
35388,401,10,0,0,1143.76
36213,654,43,0,0,1298.26
29426,488,22,0,0,1488.52
32144,624,49,0,0,1759.88
15362,592,31,0,0,811.24
27040,491,11,0,0,1044.8
25599,300,24,0,0,860.98
43879,772,25,0,0,2000.58
48158,739,49,0,0,1755.1599999999999
41881,726,17,0,0,1620.62
23547,614,23,0,0,1083.94
6248,689,12,0,0,786.96
27415,354,32,0,0,1199.3000000000002
45034,432,9,0,0,1805.68
13718,526,41,0,0,1025.3600000000001
12535,581,40,0,0,858.7
40954,615,36,0,0,1437.08
36651,659,38,0,0,1357.02
45745,512,36,0,0,1903.9
30694,423,34,0,0,1193.88
43265,476,21,0,0,1653.3000000000002
37653,669,28,0,0,1525.06
48903,758,24,0,0,2018.06
46656,356,26,0,0,1448.12
26473,739,21,0,0,1207.46
11617,502,24,0,0,989.34
47989,348,35,0,0,1583.78
35283,513,18,0,0,1256.6599999999999
43447,673,15,0,0,1902.94
39523,644,44,0,0,1828.46
19806,790,17,0,0,1179.12
35849,320,7,0,0,1385.98
46902,621,40,0,0,1882.04
14397,304,29,0,0,783.94
10725,703,21,0,0,1059.5
34146,486,44,0,0,1353.92
49956,339,18,0,0,1399.12
26310,669,36,0,0,1297.2
10593,762,26,0,0,1454.8600000000001
37307,743,5,0,0,1701.1399999999999
43028,329,45,0,0,1304.56
42657,496,33,0,0,1708.1399999999999
15577,448,40,0,0,807.54
38120,662,24,0,0,1924.4
17915,685,30,0,0,1047.3
41856,758,31,0,0,1903.12
32053,442,34,0,0,1076.06
17209,657,49,0,0,965.1800000000001
35252,696,5,0,0,1832.04
23833,755,46,0,0,1491.66
12160,672,25,0,0,1061.2
24038,651,22,0,0,1358.76
43937,623,24,0,0,1839.74
49952,471,17,0,0,1621.04
7064,490,29,0,0,1068.28
5366,680,23,0,0,941.32
24682,721,16,0,0,1216.6399999999999
35372,510,46,0,0,1283.44
9712,586,12,0,0,1144.24
25183,445,8,0,0,881.6600000000001
47882,764,49,0,0,2023.6399999999999
23784,335,42,0,0,876.6800000000001
5160,333,39,0,0,721.2
48616,783,38,0,0,1669.3200000000002
40351,446,32,0,0,1430.02
25166,761,41,0,0,1402.32
30268,452,40,0,0,1287.3600000000001
41517,533,40,0,0,1842.3400000000001
31539,753,48,0,0,1670.78
23529,504,9,0,0,1048.58
35709,449,36,0,0,1212.18
27656,401,23,0,0,972.12
30834,507,12,0,0,1036.68
28495,476,47,0,0,1022.9000000000001
41762,403,38,0,0,1631.24
18081,776,48,0,0,1490.62
34324,376,41,0,0,1423.48
45591,502,16,0,0,1696.8200000000002
15114,321,37,0,0,890.28
37681,399,35,0,0,1649.62
13116,741,18,0,0,1268.32
44912,426,12,0,0,1788.24
33941,483,12,0,0,1395.8200000000002
8165,483,26,0,0,928.3
35669,519,7,0,0,1400.38
26716,685,35,0,0,1224.3200000000002
11097,460,13,0,0,773.94
33839,492,19,0,0,1382.78
6633,672,48,0,0,976.66
44709,368,48,0,0,1230.18
30701,557,14,0,0,1168.02
39681,780,11,0,0,2018.62
26146,747,48,0,0,1633.92
34350,590,41,0,0,1252.0
48590,589,50,0,0,1967.8000000000002
25405,700,21,0,0,1627.1
47618,405,15,0,0,1443.3600000000001
41234,768,43,0,0,1509.68
8379,687,37,0,0,1327.58
10341,415,37,0,0,839.8199999999999
47545,384,31,0,0,1364.9
34193,517,25,0,0,1389.8600000000001
20478,556,18,0,0,918.56
46728,405,14,0,0,1404.56
43662,318,48,0,0,1451.24
44154,761,50,0,0,2055.08
27444,385,19,0,0,930.88
42436,508,18,0,0,1497.72
49711,634,17,0,0,2125.2200000000003
14239,484,45,0,0,955.78
25911,309,27,0,0,1081.22
31129,678,31,0,0,1467.58
11487,681,17,0,0,1272.74
28211,512,33,0,0,1479.22
8438,669,40,0,0,1065.76
32567,779,45,0,0,1865.3400000000001
15347,350,6,0,0,961.94
38768,607,5,0,0,1873.3600000000001
41692,668,28,0,0,1798.8400000000001
40356,334,43,0,0,1108.12
19682,633,8,0,0,1108.6399999999999
28668,532,19,0,0,1486.3600000000001
21093,787,38,0,0,1307.8600000000001
49045,449,47,0,0,1675.9
10623,606,45,0,0,890.46
12862,590,25,0,0,1069.24
45516,521,18,0,0,1454.3200000000002
43458,362,35,0,0,1211.1599999999999
20642,441,8,0,0,941.84
15515,789,8,0,0,1224.3
30006,312,6,0,0,1215.12
41639,613,10,0,0,1675.78
41335,585,47,0,0,1460.7
9392,513,25,0,0,740.84
19105,467,29,0,0,1060.1
18987,639,27,0,0,1136.74
11944,393,8,0,0,718.88
32943,473,47,0,0,1178.8600000000001
27676,416,38,0,0,1098.52
8479,483,39,0,0,734.58
10625,489,27,0,0,785.5
26003,411,43,0,0,1335.06
44473,411,14,0,0,1271.46
28661,559,48,0,0,1247.22
30693,632,28,0,0,1224.8600000000001
33720,633,28,0,0,1238.4
19180,783,35,0,0,1501.6
23422,719,39,0,0,1265.44
21986,361,49,0,0,776.72
35987,329,30,0,0,1215.74
37363,688,7,0,0,1796.26
24032,561,23,0,0,1142.6399999999999
24098,716,26,0,0,1123.96
16489,656,24,0,0,1297.78
13091,564,23,0,0,863.8199999999999
48013,764,44,0,0,2124.26
12740,619,45,0,0,929.8
41962,648,23,0,0,1722.24
20167,738,26,0,0,1445.3400000000001
33987,412,12,0,0,1359.74
25492,585,43,0,0,1021.8400000000001
20867,405,48,0,0,1044.3400000000001
32844,778,14,0,0,1853.88
14452,470,36,0,0,973.04
33564,723,39,0,0,1303.28
14913,563,24,0,0,989.26
15608,670,42,0,0,1082.16
33788,327,8,0,0,1208.76
9599,628,44,0,0,735.98
17421,798,14,0,0,1460.42
31227,589,39,0,0,1392.54
21833,439,10,0,0,1372.66
34525,463,26,0,0,1533.5
41284,520,22,0,0,1618.68
40838,439,13,0,0,1578.76
48733,629,32,0,0,2057.66
33003,687,50,0,0,1595.06
30227,631,29,0,0,1269.54
8873,605,14,0,0,1214.46
23907,785,44,0,0,1226.1399999999999
39854,671,40,0,0,1827.08
30611,338,31,0,0,1024.22
14137,505,23,0,0,770.74
30578,346,34,0,0,1281.56
26189,730,11,0,0,1728.78
37279,407,28,0,0,1324.58
34798,722,15,0,0,1392.96
12780,509,50,0,0,791.6
46068,478,27,0,0,1722.3600000000001
32268,650,22,0,0,1480.3600000000001
28730,433,28,0,0,955.6
32414,453,48,0,0,1572.28
29640,549,31,0,0,1092.8000000000002
43986,676,22,0,0,1706.72
34807,350,42,0,0,1070.1399999999999
21994,583,35,0,0,1308.88
19773,800,28,0,0,1307.46
44012,630,20,0,0,1784.24
26639,737,40,0,0,1224.78
6646,680,34,0,0,893.9200000000001
23952,664,25,0,0,1078.04
30666,400,5,0,0,1157.3200000000002
21149,489,36,0,0,1328.98
16489,722,27,0,0,985.78
29013,504,50,0,0,986.26
22940,652,15,0,0,1347.8
18380,324,41,0,0,857.6
20370,781,35,0,0,1644.4
47116,400,8,0,0,1437.3200000000002
48070,785,37,0,0,1703.4
10217,676,15,0,0,988.34
22298,427,30,0,0,1008.96
11750,547,24,0,0,1119.0
20264,525,8,0,0,1141.28
18205,451,35,0,0,969.1
40895,458,28,0,0,1600.9
41464,304,29,0,0,1088.28
33102,426,32,0,0,1133.04
6968,749,29,0,0,1328.3600000000001
46882,441,33,0,0,1470.6399999999999
23712,462,48,0,0,1362.24
15547,593,8,0,0,1242.94
9647,467,47,0,0,800.94
24242,751,22,0,0,1421.8400000000001
20883,342,47,0,0,797.6600000000001
36699,723,25,0,0,1937.98
17400,351,19,0,0,733.0
11986,654,43,0,0,1011.72
27744,761,6,0,0,1763.88
34873,717,32,0,0,1712.46
5786,673,49,0,0,880.72
14021,534,42,0,0,1167.42
16455,476,39,0,0,986.1
5613,494,17,0,0,569.26
46835,355,15,0,0,1735.7
31767,394,49,0,0,1340.3400000000001
38590,555,18,0,0,1685.8000000000002
37794,408,6,0,0,1144.88
9840,471,44,0,0,607.8
14568,533,50,0,0,838.36
42025,582,9,0,0,1618.5
37549,630,49,0,0,1449.98
11531,402,27,0,0,912.62
11161,655,41,0,0,1220.22
28023,633,19,0,0,1116.46
31060,799,36,0,0,1758.2
12691,611,44,0,0,1033.82
22456,782,5,0,0,1349.12
49779,507,28,0,0,1533.58
31146,362,7,0,0,1156.92
37970,653,38,0,0,1676.4
44289,597,19,0,0,1545.78
11682,742,35,0,0,1305.6399999999999
8738,594,25,0,0,964.76
45377,350,43,0,0,1550.54
45863,756,6,0,0,1754.26
30612,596,25,0,0,1183.24
20114,342,40,0,0,1022.28
13655,700,17,0,0,1018.1
37067,351,49,0,0,1397.3400000000001
21548,586,26,0,0,1441.96
12648,706,14,0,0,1388.96
18429,366,31,0,0,991.5799999999999
35317,479,26,0,0,1653.3400000000001
19582,385,41,0,0,1177.6399999999999
14753,699,49,0,0,1365.06
16960,552,17,0,0,1210.2
29579,531,49,0,0,1217.58
27654,781,40,0,0,1706.08
35885,702,36,0,0,1368.7
18033,760,47,0,0,1135.66
9411,368,36,0,0,901.22
16003,469,7,0,0,700.06
45782,677,47,0,0,1766.6399999999999
19606,448,50,0,0,744.12
33860,626,23,0,0,1527.2
13653,603,16,0,0,1033.06
15627,628,32,0,0,1341.54
30215,660,17,0,0,1329.3000000000002
32061,407,22,0,0,1053.22
26294,710,17,0,0,1563.88
27127,716,27,0,0,1392.54
31020,502,22,0,0,1113.4
23536,523,48,0,0,954.72
47465,430,31,0,0,1693.3000000000002
44693,774,42,0,0,2160.86
38428,740,9,0,0,1812.56
24554,499,19,0,0,1291.08
44577,548,49,0,0,1651.54
16713,530,17,0,0,1156.26
7763,785,27,0,0,1332.26
10657,680,47,0,0,1256.1399999999999
20712,709,18,0,0,1138.24
28488,799,33,0,0,1489.76
25089,529,46,0,0,1161.78
18148,724,18,0,0,1529.96
39377,443,28,0,0,1345.54
32818,655,10,0,0,1216.3600000000001
23275,381,37,0,0,895.5
26123,364,31,0,0,1219.46
32956,556,15,0,0,1305.12
8063,595,31,0,0,770.26
6932,331,41,0,0,968.64
46334,659,7,0,0,1533.68
38953,423,30,0,0,1605.06
28382,625,22,0,0,1395.6399999999999
5471,631,49,0,0,946.42
45774,391,27,0,0,1479.48
26719,543,6,0,0,1292.38
22134,614,10,0,0,1069.68
20368,338,24,0,0,864.36
5373,599,11,0,0,1047.46
38577,776,13,0,0,1679.54
31061,371,39,0,0,1101.22
14460,406,40,0,0,1176.2
21233,430,40,0,0,764.6600000000001
18146,311,28,0,0,620.9200000000001
16204,392,35,0,0,750.0799999999999
35161,601,43,0,0,1765.22
16742,759,37,0,0,1236.8400000000001
49460,364,28,0,0,1506.2
45121,713,12,0,0,1553.42
36485,530,28,0,0,1718.7
33086,711,5,0,0,1813.72
15511,444,14,0,0,1250.22
10827,354,40,0,0,795.54
36829,498,5,0,0,1459.58
16438,763,27,0,0,1451.76
12724,427,7,0,0,586.48
20465,664,13,0,0,983.3
13165,645,6,0,0,1124.3
9802,323,9,0,0,734.04
43918,357,27,0,0,1527.3600000000001
29615,727,10,0,0,1486.3000000000002
31350,691,32,0,0,1558.0
13966,622,5,0,0,872.3199999999999
35165,759,50,0,0,1478.3000000000002
31054,734,44,0,0,1811.08
35993,484,41,0,0,1121.8600000000001
14866,780,28,0,0,1130.32
17107,616,28,0,0,905.14
29196,798,27,0,0,1362.92
22075,337,18,0,0,959.5
43865,745,10,0,0,1807.3000000000002
46447,422,17,0,0,1518.94
34619,424,33,0,0,1278.38
22323,749,18,0,0,1554.46
43463,426,21,0,0,1431.26
48047,433,46,0,0,1805.94
28978,458,25,0,0,1346.56
32376,445,48,0,0,1483.52
37758,761,7,0,0,1630.1599999999999
43712,626,37,0,0,1984.24
36341,500,41,0,0,1524.8200000000002
21339,400,10,0,0,920.78
20717,426,45,0,0,1138.3400000000001
45793,571,17,0,0,1701.8600000000001
27849,575,13,0,0,1288.98
16666,355,19,0,0,1102.32
29323,501,47,0,0,1120.46
33548,477,24,0,0,1238.96
42829,728,22,0,0,1711.58
7497,319,25,0,0,866.94
28752,471,34,0,0,1221.04
40795,454,20,0,0,1330.9
19487,438,12,0,0,1257.74
8291,402,46,0,0,536.8199999999999
45320,676,47,0,0,1538.4
25493,764,21,0,0,1548.8600000000001
41333,361,36,0,0,1178.6599999999999
31886,625,16,0,0,1254.72
38364,417,14,0,0,1658.28
9599,605,28,0,0,1090.98
11410,507,41,0,0,980.2
49407,718,11,0,0,2058.14
44382,518,8,0,0,1398.6399999999999
8710,686,10,0,0,1027.2
45370,578,49,0,0,1388.4
28823,763,33,0,0,1825.46
29125,622,23,0,0,1234.5
7579,455,11,0,0,952.58
26756,666,25,0,0,1517.12
20385,433,26,0,0,1164.7
42076,569,11,0,0,1543.52
11230,666,46,0,0,997.6
21504,776,38,0,0,1508.08
18488,617,20,0,0,1379.76
38738,621,35,0,0,1687.76
28535,639,26,0,0,1708.7
21268,317,27,0,0,1021.36
41011,554,16,0,0,1389.22
30542,462,32,0,0,1552.8400000000001
32124,596,26,0,0,1546.48
10298,410,50,0,0,914.96
35283,748,50,0,0,1493.6599999999999
11344,437,21,0,0,1137.88
33817,760,18,0,0,1435.3400000000001
48981,476,25,0,0,1440.62
25169,344,47,0,0,777.38
18052,672,35,0,0,1231.04
30233,793,26,0,0,1750.6599999999999
12210,794,17,0,0,1265.2
41903,716,36,0,0,2030.06
19124,781,33,0,0,1109.48
22529,786,13,0,0,1198.58
48356,488,11,0,0,1836.12
46712,387,38,0,0,1673.24
37534,545,44,0,0,1634.68
12510,307,34,0,0,925.2
39931,714,34,0,0,1907.62
36228,396,15,0,0,1346.56
36454,695,6,0,0,1471.08
14463,535,44,0,0,990.26
33137,546,5,0,0,1281.74
5915,664,39,0,0,929.3
44894,314,29,0,0,1643.88
21676,513,22,0,0,945.52
14783,595,7,0,0,1050.66
33851,392,19,0,0,1144.02
10397,488,41,0,0,1139.94
8866,503,32,0,0,598.3199999999999
7783,461,12,0,0,889.66
37608,417,22,0,0,1551.1599999999999
45405,406,27,0,0,1399.1
41197,455,43,0,0,1497.94
37388,614,39,0,0,1312.76
21472,574,10,0,0,1016.44
6742,686,16,0,0,1008.84
24262,548,5,0,0,1491.24
7976,687,15,0,0,955.52
47531,312,36,0,0,1730.62
19466,381,12,0,0,1124.32
25189,527,34,0,0,1264.78
44354,491,15,0,0,1419.08
18465,381,42,0,0,1203.3
38800,715,10,0,0,1586.0
14064,684,15,0,0,1327.28
23073,318,6,0,0,712.46
43765,625,35,0,0,1601.3000000000002
45234,644,27,0,0,1782.68
11824,559,44,0,0,1258.48
5469,380,40,0,0,587.38
7313,518,50,0,0,679.26
24971,440,5,0,0,1303.42
6586,388,9,0,0,863.72
16051,319,36,0,0,840.02
36939,363,7,0,0,1171.78
40122,347,29,0,0,1287.44
31874,309,46,0,0,962.48
39140,484,30,0,0,1263.8000000000002
11517,608,30,0,0,1252.3400000000001
36320,375,29,0,0,1062.4
34525,427,50,0,0,1101.5
20011,610,27,0,0,1237.22
38100,580,33,0,0,1639.0
34762,492,8,0,0,1303.24
15084,303,15,0,0,918.6800000000001
33137,797,10,0,0,1765.74
49210,457,21,0,0,1759.2
25374,798,36,0,0,1268.48
37179,554,32,0,0,1552.58
10432,750,23,0,0,858.64
19261,697,13,0,0,1435.22
5299,793,9,0,0,1189.98
26557,525,32,0,0,1024.1399999999999
8072,318,10,0,0,580.44
11055,457,22,0,0,614.1
12615,390,18,0,0,766.3
15327,759,19,0,0,1539.54
48064,489,28,0,0,1772.28
40819,427,19,0,0,1521.38
5214,623,36,0,0,783.28
5695,714,44,0,0,1224.9
21646,608,11,0,0,1307.92
9568,722,9,0,0,1219.3600000000001
21505,630,27,0,0,986.0999999999999
11182,784,31,0,0,1348.6399999999999
8461,386,5,0,0,713.22
35183,543,29,0,0,1426.6599999999999
32512,578,28,0,0,1374.24
7380,481,6,0,0,922.6
19588,477,41,0,0,877.76
6259,538,8,0,0,775.1800000000001
44587,349,16,0,0,1318.74
20423,350,31,0,0,1014.46
39557,620,32,0,0,1334.1399999999999
23678,370,28,0,0,1230.56
15788,409,6,0,0,1220.76
23312,670,32,0,0,1210.24
30604,651,25,0,0,1229.08
11688,584,50,0,0,1136.76
9747,706,9,0,0,1106.94
10691,594,50,0,0,1223.82
6539,694,49,0,0,979.78
32341,563,16,0,0,1462.8200000000002
7646,356,14,0,0,709.9200000000001
33370,495,43,0,0,1105.4
34748,799,39,0,0,1629.96
49785,439,9,0,0,1789.7
8429,695,11,0,0,1091.58
42148,589,20,0,0,1673.96
20765,514,30,0,0,1336.3
23932,597,28,0,0,1149.6399999999999
34619,307,10,0,0,992.38
16511,542,37,0,0,1258.22
20576,772,41,0,0,1305.52
47580,753,45,0,0,2071.6
6793,793,11,0,0,883.86
26560,626,16,0,0,1115.2
48335,466,32,0,0,1621.7
10487,478,45,0,0,792.74
11396,487,22,0,0,849.9200000000001
10114,740,16,0,0,1170.28
32281,322,31,0,0,1427.62
33419,626,43,0,0,1488.38
42260,762,8,0,0,1901.2
30291,791,29,0,0,1784.8200000000002
30364,430,16,0,0,1388.28
12308,687,36,0,0,1247.1599999999999
49896,313,42,0,0,1786.92
40029,657,8,0,0,1450.58
26913,743,26,0,0,1741.26
33951,588,43,0,0,1602.02
25394,783,11,0,0,1588.88
25527,325,43,0,0,1240.54
11212,421,28,0,0,1139.24
17927,544,11,0,0,1376.54
34154,624,21,0,0,1357.08
39559,328,14,0,0,1552.18
12720,576,32,0,0,1118.4
46346,420,7,0,0,1663.92
31947,752,43,0,0,1646.94
46928,626,50,0,0,1642.56
37210,404,35,0,0,1469.2
33676,448,28,0,0,1412.52
28518,375,22,0,0,958.36
17698,522,21,0,0,997.96
43742,523,48,0,0,1467.8400000000001
20432,491,50,0,0,1214.6399999999999
16086,493,31,0,0,1209.72
33582,622,7,0,0,1260.6399999999999
9632,407,33,0,0,853.64
33535,794,36,0,0,1692.7
25519,457,35,0,0,1317.38
22356,311,50,0,0,995.12
45105,483,33,0,0,1324.1
37319,482,47,0,0,1399.38
44213,785,8,0,0,1781.26
32767,772,49,0,0,1651.3400000000001
49878,573,18,0,0,1631.56
13919,375,47,0,0,732.38
41299,389,29,0,0,1703.98
28631,451,9,0,0,1153.62
15686,764,43,0,0,1236.72
26855,310,36,0,0,1035.1
38313,674,43,0,0,1561.26
10524,472,22,0,0,778.48
38617,386,42,0,0,1529.3400000000001
39178,477,36,0,0,1698.56
15195,594,27,0,0,1005.9000000000001
29280,489,35,0,0,1017.5999999999999
27070,697,29,0,0,1525.4
15506,309,15,0,0,919.12
6239,768,47,0,0,1358.78
27048,381,49,0,0,1110.96
23425,426,48,0,0,889.5
49048,331,39,0,0,1496.96
45527,682,45,0,0,2028.54
27367,640,22,0,0,1353.3400000000001
31984,640,49,0,0,1224.68
42822,509,9,0,0,1844.44
44535,424,42,0,0,1415.7
23315,372,36,0,0,773.3
43905,424,29,0,0,1653.1
28449,746,32,0,0,1421.98
10948,506,27,0,0,992.96
38154,568,12,0,0,1469.08
47512,764,45,0,0,1888.24
7531,495,31,0,0,1089.62
38470,629,50,0,0,1349.4
44310,334,30,0,0,1553.2
5747,468,42,0,0,696.94
19007,379,16,0,0,830.14
9590,560,19,0,0,995.8
43225,447,8,0,0,1418.5
11541,374,11,0,0,792.8199999999999
29288,315,28,0,0,992.76
26999,489,43,0,0,1105.98
14024,309,19,0,0,1086.48
29697,792,11,0,0,1801.94
18435,771,34,0,0,1193.7
16047,732,32,0,0,1128.94
46107,686,32,0,0,1634.1399999999999
38125,611,27,0,0,1380.5
24410,350,22,0,0,997.2
29177,388,17,0,0,1133.54
42471,553,17,0,0,1357.42
42475,404,18,0,0,1548.5
43994,622,50,0,0,1746.88
30101,789,30,0,0,1784.02
38735,320,35,0,0,1192.7
12747,493,30,0,0,1139.94
33451,331,14,0,0,1129.02
30043,765,39,0,0,1277.8600000000001
13007,527,8,0,0,1019.14
36731,709,47,0,0,1584.62
29005,404,45,0,0,1120.1
39772,581,18,0,0,1699.44
29900,385,44,0,0,1200.0
17782,361,36,0,0,922.64
43798,752,19,0,0,1540.96
10699,684,39,0,0,1357.98
35227,751,34,0,0,1509.54
36448,493,8,0,0,1533.96
16244,595,11,0,0,1071.88
39793,405,35,0,0,1101.8600000000001
21257,309,46,0,0,1202.1399999999999
16455,494,27,0,0,780.1
18553,582,34,0,0,1333.06
15891,734,40,0,0,1491.82
47426,602,21,0,0,1725.52
25139,631,26,0,0,1141.78
25316,769,15,0,0,1319.32
9206,600,5,0,0,858.12
13851,786,7,0,0,1510.02
45213,795,20,0,0,1867.26
33809,596,25,0,0,1550.18
37594,369,18,0,0,1021.8800000000001
26867,412,33,0,0,1202.3400000000001
22910,418,25,0,0,1086.2
31087,691,26,0,0,1422.74
17176,561,44,0,0,859.52
31534,650,32,0,0,1217.68
48448,580,26,0,0,1522.96
44260,321,9,0,0,1196.2
31456,310,9,0,0,986.12
17229,685,36,0,0,1442.58
40009,647,48,0,0,1662.18
29731,476,26,0,0,1130.62
8376,414,9,0,0,1023.52
12751,531,41,0,0,1041.02
13668,537,17,0,0,924.36
46557,313,25,0,0,1367.1399999999999
35886,499,5,0,0,1679.72
31037,435,23,0,0,1106.74
47008,364,28,0,0,1339.1599999999999
49386,767,19,0,0,1974.72
13597,555,42,0,0,816.94
47999,408,7,0,0,1421.98
43558,778,16,0,0,1706.1599999999999
6528,762,19,0,0,1162.56
19994,308,41,0,0,624.88
35003,652,8,0,0,1534.06
29565,449,44,0,0,1451.3000000000002
16441,429,20,0,0,1245.82
32824,414,48,0,0,1103.48
25187,697,5,0,0,1509.74
19527,776,39,0,0,1610.54
12772,459,10,0,0,831.44
18676,611,21,0,0,928.52
25969,771,48,0,0,1290.38
15415,798,45,0,0,1354.3
39403,500,19,0,0,1465.06
24104,328,21,0,0,1199.08
23295,582,16,0,0,1303.9
6336,424,27,0,0,512.72
42429,342,36,0,0,1592.58
31876,423,46,0,0,1057.52
36221,452,31,0,0,1625.42
29953,424,42,0,0,1284.06
31083,706,25,0,0,1391.6599999999999
6609,552,29,0,0,802.1800000000001
45063,587,33,0,0,1604.26
24151,770,22,0,0,1392.02
47739,755,30,0,0,1769.78
44257,316,17,0,0,1146.1399999999999
45016,599,14,0,0,1800.3200000000002
40505,362,47,0,0,1434.1
40025,499,24,0,0,1314.5
29177,602,14,0,0,1210.54
13432,323,5,0,0,700.64
42298,318,45,0,0,1473.96
37007,460,7,0,0,1437.1399999999999
26968,600,20,0,0,1465.3600000000001
41098,368,46,0,0,1563.96
12403,772,9,0,0,955.06
6732,523,18,0,0,1093.6399999999999
32493,530,5,0,0,1170.8600000000001
40752,483,42,0,0,1765.04
43499,558,28,0,0,1335.98
37890,746,27,0,0,1781.8000000000002
28257,725,33,0,0,1783.1399999999999
11863,755,42,0,0,1465.26
23613,493,7,0,0,1232.26
19947,591,12,0,0,891.94
21111,390,24,0,0,805.22
35867,665,34,0,0,1284.3400000000001
36466,759,8,0,0,1783.3200000000002
41021,307,10,0,0,1296.42
25217,729,44,0,0,1347.3400000000001
25168,638,33,0,0,1209.3600000000001
44134,770,43,0,0,1961.68
16489,517,11,0,0,1106.78
7649,564,33,0,0,1162.98
49232,460,39,0,0,1910.6399999999999
47017,727,20,0,0,1890.3400000000001
5808,647,24,0,0,827.16
27306,427,28,0,0,1206.12
36341,795,41,0,0,1528.8200000000002
26680,478,41,0,0,1262.6
30911,666,27,0,0,1199.22
16438,374,34,0,0,1110.76
40352,523,22,0,0,1551.04
35132,626,5,0,0,1537.6399999999999
9482,394,19,0,0,922.64
24608,420,41,0,0,1354.16
17960,496,43,0,0,1075.2
12531,334,27,0,0,946.62
47800,622,47,0,0,1740.0
35906,720,50,0,0,1529.12
25679,574,23,0,0,1556.58
34298,679,25,0,0,1526.96
40399,394,43,0,0,1656.98
33082,516,24,0,0,1395.6399999999999
12720,657,28,0,0,924.4
28108,694,49,0,0,1327.1599999999999
9994,596,14,0,0,1093.88
38351,606,42,0,0,1443.02
46665,708,8,0,0,1666.3000000000002
42552,596,14,0,0,1423.04
13059,527,40,0,0,931.1800000000001
8494,357,14,0,0,464.88
12571,382,41,0,0,1081.42
30828,422,43,0,0,1073.56
44528,690,21,0,0,1869.56
23143,435,20,0,0,1254.8600000000001
5871,633,43,0,0,1185.42
34734,468,20,0,0,1298.68
6112,427,6,0,0,911.24
29575,457,10,0,0,1091.5
32253,439,18,0,0,1506.06
48179,661,16,0,0,1630.58
6032,776,25,0,0,839.64
19165,800,30,0,0,1220.3
8595,752,50,0,0,834.9
30466,694,29,0,0,1571.3200000000002
18996,310,27,0,0,702.9200000000001
19757,773,28,0,0,1648.1399999999999
19470,677,26,0,0,1520.4
21026,424,24,0,0,1257.52
27855,767,19,0,0,1752.1
22536,450,49,0,0,1039.72
37560,656,45,0,0,1831.2
32407,760,28,0,0,1563.1399999999999
15566,573,23,0,0,872.3199999999999
17117,518,5,0,0,980.34
44354,462,32,0,0,1434.08
12100,736,11,0,0,1252.0
20268,786,45,0,0,1561.3600000000001
28983,677,12,0,0,1320.6599999999999
13472,496,13,0,0,669.44
23023,480,10,0,0,840.46
19510,371,41,0,0,860.2
39273,453,7,0,0,1301.46
12317,411,50,0,0,557.34
35100,592,23,0,0,1255.0
45259,331,39,0,0,1614.18
41708,569,16,0,0,1726.1599999999999
48894,639,11,0,0,1834.88
48469,739,12,0,0,2091.38
19919,583,12,0,0,1457.38
5786,472,34,0,0,866.72
25205,704,49,0,0,1488.1
49087,387,16,0,0,1695.74
6369,360,41,0,0,445.38
38516,383,11,0,0,1276.3200000000002
6005,691,40,0,0,889.1
15867,762,31,0,0,1311.3400000000001
5742,758,50,0,0,1006.84
6918,693,34,0,0,1213.3600000000001
34436,724,38,0,0,1463.72
15763,377,50,0,0,688.26
5089,589,11,0,0,874.78
49772,476,8,0,0,1558.44
7625,666,32,0,0,781.5
8579,377,13,0,0,507.58000000000004
11194,318,8,0,0,575.88
23392,333,15,0,0,1252.8400000000001
22878,672,48,0,0,1030.56
31970,682,13,0,0,1713.4
13592,761,46,0,0,1049.8400000000001
8972,723,39,0,0,1056.44
26380,636,39,0,0,1619.6
20866,576,50,0,0,1075.32
18331,385,16,0,0,957.62
34499,472,31,0,0,1458.98
11466,325,19,0,0,819.3199999999999
47594,417,10,0,0,1714.88
6695,796,39,0,0,1312.9
24395,703,48,0,0,1379.9
33982,351,32,0,0,1343.6399999999999
23355,746,11,0,0,1694.1
9848,579,49,0,0,979.96
39676,560,9,0,0,1669.52
15008,450,13,0,0,936.1600000000001
37382,401,10,0,0,1152.6399999999999
20786,521,37,0,0,1436.72
17754,670,27,0,0,1251.08
25271,540,14,0,0,1545.42
26259,517,10,0,0,1164.18
34347,754,34,0,0,1589.94
21761,518,17,0,0,1141.22
29299,611,30,0,0,1661.98
23780,504,8,0,0,1155.6
6460,451,24,0,0,609.2
24114,654,26,0,0,1299.28
41153,637,32,0,0,1915.06
37051,752,8,0,0,1495.02
14554,625,32,0,0,1112.08
5732,742,28,0,0,1153.6399999999999
32982,679,43,0,0,1545.6399999999999
18256,508,49,0,0,1344.12
24729,661,40,0,0,1181.58
29811,679,21,0,0,1224.22
23171,553,16,0,0,1068.42
49271,465,5,0,0,1718.42
47321,604,45,0,0,1609.42
16809,392,41,0,0,1150.18
21904,402,35,0,0,1055.08
7076,562,26,0,0,1040.52
29020,449,45,0,0,1074.4
18889,537,19,0,0,1145.78
42267,562,50,0,0,1424.3400000000001
21381,349,20,0,0,1201.62
17641,654,12,0,0,1333.82
13775,654,16,0,0,1344.5
47349,369,15,0,0,1454.98
15626,795,40,0,0,1285.52
25754,302,13,0,0,1247.08
38876,301,25,0,0,1325.52
36245,532,7,0,0,1240.9
24406,360,20,0,0,900.12
48133,608,45,0,0,1723.6599999999999
49028,588,46,0,0,1605.56
47469,663,42,0,0,2045.38
15357,717,23,0,0,1215.1399999999999
13331,712,33,0,0,1012.62
16392,776,26,0,0,1065.8400000000001
29896,716,39,0,0,1258.92
22325,324,47,0,0,1151.5
30999,436,48,0,0,1228.98
14823,633,33,0,0,1048.46
8323,374,40,0,0,623.46
43493,738,31,0,0,1934.8600000000001
44973,637,19,0,0,1936.46
5515,514,13,0,0,979.3
34351,311,13,0,0,1128.02
32334,308,37,0,0,1046.68
25579,308,7,0,0,1244.58
19013,567,43,0,0,1447.26
16185,742,10,0,0,990.7
5590,410,7,0,0,883.8
11458,705,37,0,0,968.16
18698,663,9,0,0,1297.96
46100,701,8,0,0,1731.0
33604,380,26,0,0,1191.08
12302,497,38,0,0,984.04
37354,590,11,0,0,1285.08
25589,628,18,0,0,1268.78
10095,636,13,0,0,888.9
44273,641,20,0,0,1516.46
41139,581,32,0,0,1344.78
38953,708,44,0,0,1624.06
42490,640,6,0,0,1740.8000000000002
25312,685,50,0,0,1286.24
43071,572,23,0,0,1396.42
27979,343,33,0,0,947.58
7989,447,25,0,0,976.78
28674,688,13,0,0,1684.48
40993,672,34,0,0,1684.8600000000001
33994,309,10,0,0,1187.88
32422,431,46,0,0,1037.44
37591,520,13,0,0,1764.8200000000002
41469,729,48,0,0,1559.38
32532,527,18,0,0,1588.6399999999999
37110,456,39,0,0,1491.2
22957,457,45,0,0,1081.1399999999999
29767,680,23,0,0,1332.3400000000001
10236,353,31,0,0,598.72
7951,330,15,0,0,933.02
27932,671,26,0,0,1213.6399999999999
17863,730,25,0,0,1185.26
38716,507,14,0,0,1242.3200000000002
30158,707,26,0,0,1698.1599999999999
47645,461,38,0,0,1567.9
34351,462,26,0,0,1543.02
35208,560,39,0,0,1340.1599999999999
29777,496,38,0,0,1199.54
21334,380,47,0,0,941.6800000000001
24685,348,29,0,0,1080.7
7773,407,42,0,0,1029.46
27258,641,5,0,0,1551.1599999999999
17969,774,6,0,0,1137.38
35852,674,5,0,0,1778.04
49067,627,26,0,0,1592.3400000000001
46234,793,23,0,0,2113.6800000000003
22122,406,32,0,0,807.44
20323,792,50,0,0,1436.46
26226,354,12,0,0,1069.52
9880,600,33,0,0,1043.6
44594,487,9,0,0,1360.88
24924,571,48,0,0,1560.48
27981,354,10,0,0,1282.62
10134,575,41,0,0,713.6800000000001
44055,702,39,0,0,1742.1
21022,407,8,0,0,1021.44
8202,542,40,0,0,1023.04
33679,491,32,0,0,1261.58
8196,726,50,0,0,877.9200000000001
36624,593,6,0,0,1562.48
13965,471,35,0,0,800.3
11064,358,34,0,0,723.28
10249,396,34,0,0,1051.98
18272,565,50,0,0,852.44
18598,672,46,0,0,1416.96
6040,409,26,0,0,613.8
10233,634,20,0,0,1063.6599999999999
39954,470,12,0,0,1602.08
27199,425,29,0,0,1246.98
25110,550,6,0,0,1520.2
5251,752,30,0,0,1284.02
12558,552,41,0,0,723.16
6461,748,38,0,0,1100.22
5633,782,7,0,0,1291.6599999999999
24751,700,24,0,0,1302.02
20813,491,48,0,0,1338.26
19146,722,32,0,0,1604.92
47685,665,32,0,0,2011.7
12336,712,14,0,0,1257.72
48954,736,10,0,0,1629.08
9721,774,39,0,0,972.4200000000001
12680,482,20,0,0,1157.6
23481,524,6,0,0,1133.62
24330,429,21,0,0,1203.6
21863,493,9,0,0,1003.26
23603,604,33,0,0,1283.06
42281,758,7,0,0,2064.62
41585,414,48,0,0,1170.7
26138,452,22,0,0,1422.76
26260,627,23,0,0,1395.2
49200,735,14,0,0,1861.0
21810,413,26,0,0,971.2
19309,755,23,0,0,1305.18
19716,420,32,0,0,1291.32
42490,398,18,0,0,1265.8000000000002
7387,346,22,0,0,814.74
12011,402,44,0,0,953.22
16258,470,11,0,0,1229.16
20524,396,49,0,0,1175.48
19769,434,24,0,0,854.38
8978,764,29,0,0,1002.56
32929,659,32,0,0,1265.58
36267,563,24,0,0,1385.3400000000001
12528,546,13,0,0,1163.56
24838,560,12,0,0,979.76
8678,501,16,0,0,893.56
21697,751,24,0,0,1347.94
34436,720,41,0,0,1834.72
39130,442,10,0,0,1229.6
5233,422,12,0,0,523.66
26628,719,15,0,0,1354.56
18396,588,26,0,0,1032.92
33347,310,47,0,0,1196.94
46016,418,25,0,0,1311.3200000000002
7164,626,21,0,0,811.28
35845,313,35,0,0,1122.9
16107,674,36,0,0,1277.1399999999999
19516,415,39,0,0,1050.32
23167,759,29,0,0,1529.3400000000001
38098,643,39,0,0,1419.96
25504,780,35,0,0,1705.08
49941,606,37,0,0,1921.8200000000002
11207,503,8,0,0,687.14
44740,563,25,0,0,1380.8000000000002
28768,438,13,0,0,1125.3600000000001
33114,468,29,0,0,1299.28
10173,482,5,0,0,704.46
12667,800,50,0,0,1406.34
17800,743,45,0,0,1383.0
9735,678,14,0,0,1202.7
41881,711,27,0,0,1937.62
42589,747,6,0,0,1742.78
7850,558,18,0,0,1148.0
33869,483,30,0,0,1591.38
35641,694,12,0,0,1873.8200000000002
22952,573,23,0,0,997.04
27655,491,28,0,0,1258.1
29703,378,10,0,0,1025.06
40740,648,23,0,0,1845.8000000000002
41682,334,14,0,0,1159.6399999999999
7759,424,38,0,0,662.1800000000001
27364,408,29,0,0,943.28
5271,541,18,0,0,817.42
49442,370,24,0,0,1605.8400000000001
10553,625,28,0,0,792.06
33596,716,28,0,0,1490.92
18822,336,31,0,0,987.44
7293,646,27,0,0,826.86
30957,614,46,0,0,1368.1399999999999
18971,430,38,0,0,830.4200000000001
22865,591,14,0,0,1055.3
36994,797,20,0,0,1869.88
41432,711,40,0,0,1495.6399999999999
39307,449,11,0,0,1645.1399999999999
33621,776,17,0,0,1928.42
10517,536,39,0,0,830.34
20296,769,31,0,0,1204.92
11399,585,24,0,0,775.98
12895,320,35,0,0,945.9
46780,582,9,0,0,1437.6
39904,588,10,0,0,1779.08
20195,782,23,0,0,1629.9
48365,775,41,0,0,1819.3000000000002
36078,395,33,0,0,1039.56
23624,639,13,0,0,1362.48
42988,492,28,0,0,1252.76
10849,720,24,0,0,1400.98
29215,577,26,0,0,1254.3000000000002
25804,768,9,0,0,1467.08
38247,800,32,0,0,2045.94
23884,459,35,0,0,891.6800000000001
16313,542,37,0,0,962.26
26385,430,41,0,0,1280.7
18108,543,43,0,0,1088.16
45665,348,15,0,0,1286.3000000000002
38872,799,10,0,0,2062.44
15515,350,34,0,0,985.3
6386,511,14,0,0,952.72
43373,718,21,0,0,1492.46
22880,690,12,0,0,1426.6
47404,335,9,0,0,1646.08
27731,762,33,0,0,1715.62
42612,798,16,0,0,1951.24
44607,687,31,0,0,1698.1399999999999
41275,301,32,0,0,1495.5
16610,697,31,0,0,1469.2
41429,397,35,0,0,1393.58
40724,498,35,0,0,1604.48
9343,469,21,0,0,961.86
41548,711,22,0,0,2019.96
14503,787,26,0,0,1268.06
17694,317,38,0,0,638.88
45649,504,13,0,0,1584.98
7028,632,38,0,0,729.56
37629,555,10,0,0,1425.58
6499,778,5,0,0,1096.98
24519,434,15,0,0,943.38
39925,621,40,0,0,1714.5
15254,729,35,0,0,1262.08
10476,601,32,0,0,744.52
14164,589,12,0,0,1160.28
30095,437,11,0,0,1524.9
17475,776,41,0,0,1087.5
38757,773,11,0,0,1921.1399999999999
22758,318,42,0,0,1208.16
27115,450,19,0,0,901.3
43819,377,46,0,0,1525.38
22147,472,35,0,0,938.94
7475,777,50,0,0,1290.5
32369,519,30,0,0,1630.38
39438,531,39,0,0,1269.76
23733,481,7,0,0,904.6600000000001
45224,521,31,0,0,1613.48
15089,365,15,0,0,1074.78
30477,426,42,0,0,1173.54
42233,551,19,0,0,1557.6599999999999
43433,752,32,0,0,1609.6599999999999
21593,722,37,0,0,1121.8600000000001
38299,396,18,0,0,1487.98
21208,413,26,0,0,993.1600000000001
29573,462,7,0,0,1006.46
44675,333,45,0,0,1221.5
42143,542,50,0,0,1310.8600000000001
6403,579,47,0,0,738.06
24049,505,45,0,0,937.98
27195,792,13,0,0,1631.9
19011,310,21,0,0,730.22
14611,757,31,0,0,1116.22
41531,331,31,0,0,1369.62
27482,355,28,0,0,900.64
41450,685,12,0,0,1868.0
15624,576,40,0,0,864.48
14925,472,6,0,0,853.5
8841,704,34,0,0,1088.82
5401,787,40,0,0,1129.02
28233,529,42,0,0,1147.6599999999999
24776,686,28,0,0,1221.52
49753,601,22,0,0,2013.06
45633,552,36,0,0,1526.6599999999999
11853,564,36,0,0,883.06
47816,759,48,0,0,1947.3200000000002
43877,623,22,0,0,1622.54
9159,538,42,0,0,804.1800000000001
35494,773,31,0,0,1936.88
41561,660,14,0,0,1489.22
47412,588,43,0,0,1686.24
41907,641,5,0,0,1595.1399999999999
25224,518,35,0,0,1369.48
27281,513,10,0,0,1370.62
40409,555,42,0,0,1305.18
17079,452,13,0,0,929.5799999999999
26026,704,29,0,0,1694.52
35728,361,15,0,0,1128.56
5143,402,46,0,0,785.86
47214,602,24,0,0,1558.28
36061,322,43,0,0,1336.22
7650,439,44,0,0,785.0
22269,515,31,0,0,869.38
20411,788,43,0,0,1235.22
49362,428,19,0,0,1619.24
21286,476,36,0,0,911.72
7310,728,34,0,0,1357.2
22438,513,34,0,0,1160.76
38066,528,40,0,0,1777.3200000000002
11750,679,34,0,0,1305.0
17098,379,33,0,0,962.96
34766,720,6,0,0,1631.3200000000002
20685,501,19,0,0,1055.7
24582,376,13,0,0,1358.6399999999999
11509,453,16,0,0,726.1800000000001
35808,403,23,0,0,1423.1599999999999
27848,584,20,0,0,1331.96
25413,458,40,0,0,1209.26
47574,693,37,0,0,1901.48
13834,335,50,0,0,848.6800000000001
7255,680,32,0,0,1278.1
48350,442,23,0,0,1634.0
12046,743,43,0,0,1300.92
43656,756,21,0,0,2072.12
34602,686,20,0,0,1436.04
32519,621,31,0,0,1191.38
40017,647,43,0,0,1405.3400000000001
36884,652,13,0,0,1779.68
28918,730,35,0,0,1253.3600000000001
24971,777,41,0,0,1425.42
46904,720,46,0,0,1844.08
43982,755,45,0,0,2102.64
20352,451,23,0,0,775.04
32037,306,29,0,0,847.74
9601,545,41,0,0,884.02
32017,729,14,0,0,1843.3400000000001
29460,548,34,0,0,1627.2
28661,691,33,0,0,1577.22
10115,715,27,0,0,1269.3
49644,720,35,0,0,1868.88
19003,724,12,0,0,1591.06
45571,369,33,0,0,1540.42
40803,406,22,0,0,1425.06
43762,650,8,0,0,1755.24
25534,769,19,0,0,1272.68
19367,628,22,0,0,1238.3400000000001
16675,690,23,0,0,1049.5
6661,740,27,0,0,1231.22
37552,746,47,0,0,1417.04
9823,420,6,0,0,621.46
37309,715,34,0,0,1594.18
38771,308,35,0,0,1527.42
21010,660,47,0,0,1470.2
23744,346,8,0,0,760.88
28744,696,42,0,0,1380.88
43547,665,18,0,0,1805.94
32953,460,6,0,0,1456.06
26405,531,44,0,0,1290.1
33445,712,22,0,0,1462.9
33353,353,43,0,0,948.0600000000001
13266,510,38,0,0,972.3199999999999
33513,549,26,0,0,1507.26
32408,602,30,0,0,1379.1599999999999
11577,653,47,0,0,909.54
31256,410,6,0,0,1008.1199999999999
42775,750,47,0,0,2044.5
34755,615,43,0,0,1500.1
42019,541,7,0,0,1531.38
8419,436,17,0,0,981.38
42934,386,46,0,0,1188.68
41937,707,9,0,0,1696.74
11530,476,47,0,0,1174.6
44652,446,9,0,0,1416.04
33397,468,8,0,0,1108.94
41672,466,45,0,0,1277.44
11172,527,11,0,0,908.44
25562,449,13,0,0,1091.24
43893,764,27,0,0,1697.8600000000001
28327,676,22,0,0,1589.54
46466,626,19,0,0,1643.3200000000002
38054,721,7,0,0,1965.08
17289,586,10,0,0,1388.78
40682,715,49,0,0,1791.6399999999999
46493,435,5,0,0,1535.8600000000001
5810,503,49,0,0,896.2
15682,363,29,0,0,1136.6399999999999
36270,434,27,0,0,1547.4
43780,792,9,0,0,1671.6
22175,666,12,0,0,1285.5
26543,484,5,0,0,1280.8600000000001
49135,635,46,0,0,2069.7
42085,609,35,0,0,1427.7
19286,400,11,0,0,962.72
22955,756,7,0,0,1572.1
46408,526,20,0,0,1888.1599999999999
32829,398,19,0,0,1098.58
17791,404,10,0,0,1078.82
48240,587,24,0,0,1796.8000000000002
40042,678,13,0,0,1535.8400000000001
14424,593,32,0,0,908.48
29306,737,34,0,0,1450.12
8439,340,26,0,0,819.78
16937,611,35,0,0,1201.74
25316,689,23,0,0,1312.32
43051,324,29,0,0,1236.02
11141,420,36,0,0,1051.82
11873,584,29,0,0,911.46
20986,497,48,0,0,1053.72
7189,419,25,0,0,966.78
19644,773,16,0,0,1071.88
40487,343,5,0,0,1302.74
24159,442,33,0,0,1411.18
11210,524,37,0,0,789.2
9284,454,18,0,0,991.6800000000001
29158,679,31,0,0,1571.1599999999999
42676,696,20,0,0,1539.52
27285,434,19,0,0,1390.7
40003,645,27,0,0,1822.06
12221,746,33,0,0,1442.42
39535,674,24,0,0,1524.7
8335,729,5,0,0,795.7
39670,497,29,0,0,1461.4
44370,369,26,0,0,1203.4
21171,574,25,0,0,1015.4200000000001
6186,650,21,0,0,777.72
30422,315,28,0,0,1016.44
9943,787,22,0,0,1356.8600000000001
5741,649,8,0,0,981.82
27053,386,20,0,0,1066.06
23777,799,17,0,0,1309.54
33975,360,23,0,0,1353.5
12171,489,21,0,0,845.4200000000001
42717,755,18,0,0,1752.3400000000001
8069,719,34,0,0,938.38
29199,641,34,0,0,1434.98
45902,722,5,0,0,2011.04
29363,671,12,0,0,1552.26
48009,306,15,0,0,1557.18
5032,576,29,0,0,870.64
27658,790,49,0,0,1308.1599999999999
47843,465,49,0,0,1349.8600000000001
39350,408,27,0,0,1589.0
26138,623,49,0,0,1301.76
46809,521,24,0,0,1715.18
46217,387,49,0,0,1768.3400000000001
47809,505,15,0,0,1865.18
30881,775,40,0,0,1520.62
35933,749,28,0,0,1954.6599999999999
23366,612,9,0,0,1004.3199999999999
25197,644,37,0,0,1096.94
19086,391,40,0,0,995.72
45347,650,45,0,0,1854.94
23632,385,48,0,0,1005.64
17171,350,32,0,0,974.4200000000001
44196,515,43,0,0,1826.92
6719,785,43,0,0,840.38
7455,500,16,0,0,623.1
40398,452,33,0,0,1599.96
40532,367,8,0,0,1509.6399999999999
15047,705,15,0,0,1374.94
8687,569,40,0,0,761.74
43773,560,42,0,0,1495.46
19718,480,8,0,0,1143.3600000000001
32829,403,40,0,0,1381.58
5049,535,49,0,0,860.98
31821,693,15,0,0,1625.42
47483,360,21,0,0,1489.6599999999999
9007,579,10,0,0,668.14
27391,540,10,0,0,1293.8200000000002
46433,735,22,0,0,1563.6599999999999
6415,749,17,0,0,790.3
39380,757,28,0,0,1930.6
16137,650,31,0,0,1436.74
46003,526,50,0,0,1740.06
25024,556,48,0,0,1201.48
6000,490,31,0,0,716.0
47318,723,28,0,0,1739.3600000000001
16052,543,35,0,0,1230.04
20155,417,22,0,0,777.1
29563,644,12,0,0,1268.26
44424,604,15,0,0,1869.48
19469,444,19,0,0,904.38
46080,541,27,0,0,1637.6
11060,411,45,0,0,711.2
14896,637,36,0,0,1196.92
31474,657,27,0,0,1439.48
45088,383,48,0,0,1694.76
47927,657,50,0,0,1757.54
45216,336,17,0,0,1604.3200000000002
48430,782,32,0,0,2076.6
42027,329,29,0,0,1371.54
44151,643,47,0,0,1660.02
45114,619,5,0,0,1454.28
41558,573,16,0,0,1863.1599999999999
25189,385,23,0,0,860.78
32910,722,11,0,0,1310.2
40063,425,29,0,0,1329.26
40067,575,26,0,0,1581.3400000000001
27795,479,24,0,0,1285.9
11897,509,37,0,0,1132.94
11135,619,49,0,0,1331.7
46288,443,28,0,0,1456.76
21107,644,14,0,0,975.1399999999999
27224,738,19,0,0,1409.48
46574,800,34,0,0,2012.48
46504,402,26,0,0,1354.08
45813,733,44,0,0,1871.26
45968,301,20,0,0,1716.3600000000001
18807,486,16,0,0,925.14
16747,318,42,0,0,552.94
43651,379,40,0,0,1634.02
43564,469,36,0,0,1579.28
17602,413,14,0,0,1192.04
26729,776,25,0,0,1559.58
44879,467,47,0,0,1396.58
45772,774,47,0,0,2061.44
46695,621,38,0,0,1814.9
32703,550,46,0,0,1463.06
37580,504,23,0,0,1647.6
41087,702,30,0,0,1929.74
46959,570,49,0,0,1951.18
17440,575,36,0,0,1303.8
14959,671,10,0,0,1305.18
35256,446,11,0,0,1580.12
17170,305,45,0,0,933.4000000000001
43863,468,49,0,0,1829.26
33934,539,18,0,0,1552.68
29072,787,33,0,0,1447.44
47774,512,47,0,0,1903.48
39371,561,37,0,0,1678.42
7106,705,25,0,0,1095.12
18486,700,20,0,0,1524.72
35719,796,31,0,0,1526.38
15652,415,32,0,0,682.04
5699,327,38,0,0,565.98
17037,587,9,0,0,1128.74
37951,438,32,0,0,1654.02
6440,556,9,0,0,787.8
42691,500,6,0,0,1308.8200000000002
31644,349,20,0,0,983.88
22344,718,36,0,0,1170.88
11874,511,45,0,0,734.48
23462,706,29,0,0,1533.24
33423,361,7,0,0,1194.46
14635,705,23,0,0,1089.7
11188,633,14,0,0,1312.76
27125,307,34,0,0,1278.5
24477,507,10,0,0,1239.54
42448,645,26,0,0,1683.96
26983,603,18,0,0,1285.6599999999999
39875,612,39,0,0,1527.5
13098,408,48,0,0,1129.96
5849,465,13,0,0,611.98
8869,695,31,0,0,1314.38
27757,649,46,0,0,1523.1399999999999
23094,588,26,0,0,1099.88
30138,524,42,0,0,1028.76
36366,538,36,0,0,1270.3200000000002
15040,336,46,0,0,947.8
29512,541,33,0,0,1591.24
35515,570,47,0,0,1228.3000000000002
43185,504,11,0,0,1517.7
25661,383,23,0,0,1002.22
19668,379,47,0,0,915.36
11336,531,47,0,0,904.72
25848,658,37,0,0,1608.96
28034,574,16,0,0,1434.68
7647,711,15,0,0,993.94
43689,562,42,0,0,1480.78
15056,419,6,0,0,646.12
44244,598,9,0,0,1749.88
13832,603,21,0,0,949.64
49096,677,17,0,0,1589.92
13086,322,44,0,0,1001.72
43052,783,21,0,0,2026.04
48770,382,44,0,0,1567.4
16710,386,38,0,0,848.2
7724,472,20,0,0,954.48
17462,747,26,0,0,1376.24
18555,609,23,0,0,1360.1
9046,477,41,0,0,976.9200000000001
35669,631,45,0,0,1406.38
21897,767,5,0,0,1423.94
49012,588,11,0,0,1773.24
37978,609,14,0,0,1796.56
11293,596,7,0,0,1308.8600000000001
43650,694,19,0,0,2021.0
19662,669,17,0,0,1349.24
33413,341,46,0,0,925.26
23194,755,27,0,0,1416.88
22337,793,15,0,0,1621.74
14469,683,6,0,0,1064.38
13698,369,36,0,0,794.96
26763,324,15,0,0,986.26
17467,493,11,0,0,1183.3400000000001
28041,525,14,0,0,1538.8200000000002
39238,320,10,0,0,1088.76
45788,320,14,0,0,1614.76
29653,630,23,0,0,1177.06
24768,403,15,0,0,1065.3600000000001
24404,625,39,0,0,1379.08
17334,450,48,0,0,1068.68
20508,671,46,0,0,1382.16
10671,770,26,0,0,1065.42
19401,547,29,0,0,989.02
34788,612,48,0,0,1436.76
9678,631,34,0,0,1148.56
35266,397,9,0,0,1040.3200000000002
6348,344,33,0,0,903.96
8751,496,38,0,0,1154.02
29512,361,37,0,0,1380.24
15906,503,50,0,0,968.12
16165,316,29,0,0,915.3
9314,709,14,0,0,1015.28
47731,308,41,0,0,1164.62
48509,605,47,0,0,1832.18
24403,454,50,0,0,1374.06
19876,709,11,0,0,1477.52
33342,747,50,0,0,1560.8400000000001
42351,435,18,0,0,1201.02
21152,688,24,0,0,1553.04
26071,754,23,0,0,1525.42
5130,717,26,0,0,1073.6
40220,716,49,0,0,1597.4
18994,631,31,0,0,1091.88
49824,474,47,0,0,1736.48
36695,487,15,0,0,1356.9
5884,422,16,0,0,1038.68
28035,672,19,0,0,1343.7
45934,465,22,0,0,1738.68
38082,752,50,0,0,1770.6399999999999
8140,360,45,0,0,999.8
14322,733,32,0,0,974.44
21195,454,31,0,0,1117.9
28425,767,26,0,0,1812.5
21481,446,24,0,0,1352.62
42296,376,46,0,0,1362.92
38660,507,14,0,0,1190.2
14613,343,15,0,0,870.26
38898,498,18,0,0,1566.96
33110,310,41,0,0,1191.2
28060,316,36,0,0,1041.2
8407,536,5,0,0,829.14
10987,380,13,0,0,790.74
45582,626,28,0,0,1858.6399999999999
8849,702,19,0,0,912.98
9963,620,34,0,0,910.26
38654,591,7,0,0,1440.08
16103,622,17,0,0,1267.06
31020,547,26,0,0,1412.4
44393,735,15,0,0,1933.8600000000001
20442,544,22,0,0,1137.8400000000001
13243,356,28,0,0,549.86
46254,570,5,0,0,1647.08
46034,622,12,0,0,1873.68
26657,692,46,0,0,1672.1399999999999
6674,520,36,0,0,910.48
44689,632,29,0,0,1783.78
38446,584,30,0,0,1309.92
19886,486,32,0,0,1135.72
12516,684,48,0,0,1032.32
11926,760,39,0,0,993.52
41196,475,13,0,0,1550.92
27249,419,49,0,0,997.98
27023,520,7,0,0,1006.46
29455,594,9,0,0,1169.1
24936,644,26,0,0,1129.72
15605,308,43,0,0,690.1
38471,708,41,0,0,1704.42
29478,731,46,0,0,1589.56
12347,536,38,0,0,1043.94
32452,326,17,0,0,1369.04
11608,335,35,0,0,935.16
10792,679,8,0,0,1167.8400000000001
48368,644,6,0,0,1757.3600000000001
18351,446,47,0,0,816.02
30650,618,41,0,0,1208.0
33931,629,34,0,0,1257.62
9910,556,36,0,0,1145.2
13601,340,47,0,0,920.02
23662,521,7,0,0,1083.24
13604,424,37,0,0,1160.08
48187,368,6,0,0,1427.74
42765,679,37,0,0,1495.3000000000002
41158,345,13,0,0,1326.1599999999999
26820,602,12,0,0,1533.4
38677,439,28,0,0,1389.54
41240,318,47,0,0,1052.8000000000002
7160,397,30,0,0,753.2
38101,620,31,0,0,1332.02
20434,454,17,0,0,826.6800000000001
19467,551,47,0,0,974.34
45504,566,18,0,0,1452.08
28598,349,50,0,0,1277.96
37110,791,28,0,0,1839.2
38914,689,16,0,0,1590.28
46514,728,8,0,0,1799.28
48716,746,8,0,0,1978.3200000000002
6862,401,20,0,0,479.24
45579,655,44,0,0,1481.58
15513,352,38,0,0,896.26
7688,687,28,0,0,740.76
34705,411,7,0,0,1237.1
35711,417,39,0,0,1139.22
32079,787,19,0,0,1332.58
7377,416,16,0,0,669.54
38484,528,32,0,0,1323.68
33145,366,40,0,0,1460.9
36863,435,18,0,0,1264.26
14090,399,13,0,0,1019.8
13115,441,21,0,0,704.3
23972,504,47,0,0,1462.44
46902,478,25,0,0,1468.04
23110,441,38,0,0,1396.2
16537,731,13,0,0,1161.74
5359,392,36,0,0,811.1800000000001
28388,554,18,0,0,1449.76
32821,409,34,0,0,1537.42
11216,656,17,0,0,1090.32
46254,764,27,0,0,1767.08
8974,562,19,0,0,769.48
30719,428,33,0,0,1086.38
13632,405,8,0,0,1036.6399999999999
27996,500,44,0,0,1460.92
30906,353,43,0,0,1393.12
24504,485,27,0,0,973.0799999999999
48872,376,47,0,0,1752.44
22525,798,18,0,0,1675.5
18995,621,31,0,0,1485.9
29018,736,50,0,0,1477.3600000000001
21567,747,29,0,0,1508.3400000000001
34841,475,15,0,0,1200.8200000000002
24757,526,48,0,0,1258.1399999999999
19811,440,27,0,0,1021.22
28775,464,32,0,0,981.5
14068,528,22,0,0,1073.3600000000001
44398,697,43,0,0,2072.96
32377,386,11,0,0,1211.54
20590,326,50,0,0,1195.8
42979,359,8,0,0,1600.58
7450,318,26,0,0,411.0
43425,691,47,0,0,1744.5
5401,674,6,0,0,1262.02
39699,755,43,0,0,1534.98
45367,349,37,0,0,1284.3400000000001
23087,509,36,0,0,1365.74
30500,611,50,0,0,1167.0
20472,405,34,0,0,926.44
15077,692,13,0,0,1338.54
36084,424,34,0,0,1365.68
34635,725,25,0,0,1648.7
46632,713,36,0,0,1916.6399999999999
29433,484,27,0,0,1274.6599999999999
23154,557,14,0,0,1388.08
11334,333,25,0,0,827.6800000000001
48693,474,28,0,0,1498.8600000000001
47144,653,5,0,0,2070.88
40885,714,23,0,0,1867.7
42031,778,50,0,0,1977.62
37863,547,43,0,0,1546.26
42511,525,39,0,0,1743.22
44760,506,45,0,0,1713.2
14086,728,19,0,0,1350.72
21515,749,20,0,0,1599.3
32835,620,9,0,0,1397.7
17722,513,23,0,0,1121.44
32275,485,7,0,0,1071.5
39917,490,8,0,0,1268.3400000000001
6450,711,41,0,0,830.0
10037,633,18,0,0,980.74
6115,564,6,0,0,731.3
44717,342,23,0,0,1485.3400000000001
47857,795,19,0,0,1721.1399999999999
11054,769,25,0,0,1425.08
37319,605,23,0,0,1267.38
48495,420,36,0,0,1711.9
40594,637,39,0,0,1401.88
42398,379,36,0,0,1639.96
10088,621,49,0,0,998.76
45638,640,28,0,0,1797.76
47150,449,28,0,0,1586.0
47006,368,23,0,0,1797.12
43408,338,42,0,0,1151.1599999999999
36606,624,13,0,0,1614.12
6047,774,19,0,0,1063.94
13989,795,49,0,0,1297.78
29287,313,6,0,0,976.74
44750,690,43,0,0,2053.0
7143,434,37,0,0,611.86
23378,711,14,0,0,1390.56
48958,765,34,0,0,1768.1599999999999
13012,497,44,0,0,902.24
19295,627,43,0,0,1479.9
35105,302,37,0,0,1286.1
8976,635,36,0,0,750.52
37445,724,40,0,0,1492.9
19686,495,35,0,0,955.72
28053,753,43,0,0,1593.06
43713,307,10,0,0,1460.26
49530,707,12,0,0,2013.6
38276,438,18,0,0,1488.52
48653,316,34,0,0,1719.06
39144,629,32,0,0,1735.88
18384,526,33,0,0,1223.68
16237,478,39,0,0,739.74
10007,604,44,0,0,989.14
30045,762,5,0,0,1270.9
35900,361,15,0,0,1539.0
23252,333,28,0,0,706.04
29585,677,38,0,0,1478.7
49758,424,14,0,0,1696.1599999999999
22039,588,13,0,0,980.78
40604,335,47,0,0,1324.08
17122,682,11,0,0,1390.44
39079,685,39,0,0,1416.58
25353,412,6,0,0,921.06
33450,540,20,0,0,1325.0
36151,546,16,0,0,1615.02
49496,728,38,0,0,1818.92
5691,446,46,0,0,904.82
13739,638,9,0,0,837.78
40821,600,50,0,0,1499.42
33788,557,42,0,0,1240.76
17292,518,5,0,0,803.84
7808,318,35,0,0,924.16
46447,618,19,0,0,1741.94
19030,477,43,0,0,1292.6
15017,697,15,0,0,1249.3400000000001
38198,457,47,0,0,1545.96
9087,575,40,0,0,1194.74
49937,342,41,0,0,1819.74
35255,394,20,0,0,1382.1
21226,387,39,0,0,750.52
45924,462,32,0,0,1808.48
30064,775,20,0,0,1610.28
16945,473,30,0,0,1058.9
13208,427,27,0,0,1020.1600000000001
39978,322,23,0,0,1328.56
22735,378,16,0,0,1223.7
25699,763,35,0,0,1749.98
23427,381,17,0,0,899.54
39950,780,6,0,0,1826.0
49099,321,9,0,0,1326.98
5451,391,22,0,0,994.02
15303,413,11,0,0,1215.06
13537,381,36,0,0,951.74
26844,421,16,0,0,1177.88
13060,610,33,0,0,812.2
44230,302,11,0,0,1596.6
26362,644,37,0,0,1397.24
8256,393,39,0,0,1016.12
47053,343,43,0,0,1502.06
26525,642,12,0,0,1654.5
26374,604,49,0,0,1418.48
23334,300,37,0,0,1215.68
28719,694,45,0,0,1453.38
29172,383,49,0,0,867.44
42399,334,31,0,0,1197.98
49673,659,20,0,0,1825.46
44316,582,9,0,0,1452.3200000000002
15360,662,24,0,0,1462.2
32879,348,23,0,0,1374.58
27090,724,49,0,0,1614.8
7981,774,21,0,0,907.62
23879,561,44,0,0,1352.58
21136,456,47,0,0,1231.72
33512,458,20,0,0,1339.24
24876,388,29,0,0,1323.52
15045,311,36,0,0,734.9000000000001
12328,667,23,0,0,819.56
8241,638,45,0,0,997.8199999999999
25221,363,14,0,0,1297.42
28660,645,38,0,0,1497.2
22458,757,9,0,0,1341.16
29241,453,19,0,0,1187.8200000000002
14853,573,29,0,0,828.06
37297,491,31,0,0,1664.94
11710,669,7,0,0,1277.2
5823,301,47,0,0,380.46000000000004
41934,766,30,0,0,2076.6800000000003
11594,499,26,0,0,801.88
6817,434,27,0,0,833.34
26510,364,49,0,0,1299.2
14433,442,43,0,0,1167.66
21312,312,15,0,0,1058.24
42913,746,25,0,0,2042.26
15322,636,6,0,0,1350.44
22254,713,6,0,0,1088.08
6437,699,37,0,0,758.74
49720,511,11,0,0,1591.4
47138,463,18,0,0,1536.76
14561,479,36,0,0,721.22
26366,793,35,0,0,1309.3200000000002
15234,385,17,0,0,826.6800000000001
12978,421,25,0,0,858.56
38374,702,36,0,0,1425.48
20619,491,8,0,0,1139.38
19628,300,7,0,0,1100.56
46376,468,5,0,0,1731.52
27941,747,24,0,0,1570.8200000000002
9457,636,46,0,0,915.14
33412,634,48,0,0,1252.24
40336,727,8,0,0,1908.72
18523,694,33,0,0,1303.46
46943,377,13,0,0,1276.8600000000001
38840,380,17,0,0,1551.8000000000002
6526,438,47,0,0,1019.52
10291,591,36,0,0,1158.82
5477,729,13,0,0,1105.54
41542,320,29,0,0,1440.8400000000001
42933,747,44,0,0,1705.6599999999999
6414,559,5,0,0,1154.28
8078,601,23,0,0,970.56
42981,613,12,0,0,1426.62
42990,709,20,0,0,1741.8000000000002
17411,418,32,0,0,845.22
46089,585,14,0,0,1979.78
19383,357,19,0,0,1142.66
18728,676,6,0,0,1002.56
22146,657,25,0,0,1112.92
29923,328,12,0,0,1319.46
21113,567,43,0,0,1415.26
44013,617,35,0,0,1737.26
9431,695,14,0,0,809.62
40794,484,49,0,0,1338.88
17719,323,17,0,0,929.38
48118,460,40,0,0,1496.3600000000001
10807,651,47,0,0,1198.1399999999999
37253,724,12,0,0,1599.06
41113,311,13,0,0,1489.26
8388,589,30,0,0,1030.76
30119,684,22,0,0,1304.38
47039,773,11,0,0,1821.78
35724,633,21,0,0,1658.48
21268,732,26,0,0,1547.3600000000001
46102,515,34,0,0,1385.04
17298,509,50,0,0,811.96
13243,746,25,0,0,1404.8600000000001
43559,392,34,0,0,1527.18
16261,390,12,0,0,980.22
31543,481,33,0,0,1343.8600000000001
9824,547,38,0,0,768.48
44164,437,19,0,0,1242.28
49178,446,31,0,0,1788.56
37985,693,9,0,0,1843.7
25307,465,23,0,0,1124.1399999999999
28190,331,22,0,0,967.8000000000001
16962,695,43,0,0,1036.24
49240,707,41,0,0,1710.8000000000002
43607,469,13,0,0,1753.1399999999999
45951,694,5,0,0,1862.02
32137,693,50,0,0,1729.74
16603,373,21,0,0,1005.06
40106,345,29,0,0,1643.12
41906,304,36,0,0,1329.12
49541,800,22,0,0,2120.82
11443,672,34,0,0,1386.8600000000001
15164,378,39,0,0,828.28
38380,648,5,0,0,1673.6
33496,768,10,0,0,1766.92
19405,717,38,0,0,1385.1
33558,602,50,0,0,1743.1599999999999
40719,400,45,0,0,1433.38
43999,729,45,0,0,1654.98
10827,567,44,0,0,1041.54
35539,354,30,0,0,1503.78
16049,337,50,0,0,744.98
34080,680,20,0,0,1704.6
40265,744,24,0,0,1717.3000000000002
17961,775,41,0,0,1357.22
10303,684,48,0,0,1305.06
39874,339,50,0,0,1494.48
45418,530,40,0,0,1632.3600000000001
38236,497,13,0,0,1513.72
16767,378,49,0,0,619.34
26221,747,33,0,0,1483.42
22680,661,22,0,0,1434.6
22744,592,31,0,0,1478.88
11683,416,35,0,0,865.66
13134,457,22,0,0,703.6800000000001
31391,726,45,0,0,1680.8200000000002
28490,369,28,0,0,955.8000000000001
19917,721,20,0,0,1529.3400000000001
27284,389,19,0,0,1086.68
43898,535,41,0,0,1413.96
13001,660,34,0,0,832.02
12638,438,47,0,0,1183.76
37798,704,35,0,0,1723.96
35911,485,16,0,0,1277.22
20326,552,47,0,0,906.52
36689,348,45,0,0,1209.78
38133,502,47,0,0,1349.6599999999999
25500,371,47,0,0,1365.0
38550,426,28,0,0,1549.0
8118,351,15,0,0,691.36
30672,374,24,0,0,1255.44
9223,723,13,0,0,1342.46
39889,559,27,0,0,1339.78
48918,419,14,0,0,1749.3600000000001
37584,304,47,0,0,1089.68
10037,572,49,0,0,1132.74
49876,408,12,0,0,1468.52
9644,318,40,0,0,754.88
15047,744,39,0,0,1093.94
44986,322,48,0,0,1246.72
41032,519,20,0,0,1506.6399999999999
45751,653,19,0,0,1960.02
39502,364,37,0,0,1238.04
24944,793,17,0,0,1561.88
11503,417,7,0,0,1139.06
23399,356,34,0,0,1172.98
33223,671,26,0,0,1693.46
24630,338,44,0,0,997.6
16282,567,21,0,0,899.64
34566,331,9,0,0,1373.3200000000002
42477,571,29,0,0,1515.54
34907,302,36,0,0,1156.1399999999999
24103,671,47,0,0,1114.06
12272,467,14,0,0,950.44
32880,435,34,0,0,1341.6
49778,466,31,0,0,1718.56
7281,342,50,0,0,445.62
36287,767,33,0,0,1839.74
17326,397,37,0,0,946.52
31045,790,47,0,0,1727.9
40159,371,40,0,0,1296.18
49636,729,5,0,0,1926.72
44775,452,34,0,0,1721.5
35997,359,13,0,0,1074.94
15703,414,38,0,0,813.06
11290,770,49,0,0,1095.8
41853,543,21,0,0,1692.06
10823,733,22,0,0,877.46
48714,662,34,0,0,1965.28
17432,795,25,0,0,1605.6399999999999
31456,671,11,0,0,1642.12
14916,779,39,0,0,1223.32
18260,557,17,0,0,975.2
42665,795,11,0,0,1875.3000000000002
17899,508,24,0,0,1138.98
14395,379,47,0,0,954.9000000000001
30950,686,32,0,0,1242.0
6634,778,33,0,0,1100.68
44109,721,37,0,0,1791.18
7943,742,18,0,0,981.86
16056,481,25,0,0,1030.12
12151,322,19,0,0,539.02
36339,769,49,0,0,1398.78
26152,534,28,0,0,1262.04
44112,712,17,0,0,1590.24
38987,726,6,0,0,1843.74
12813,665,40,0,0,866.26
47172,425,19,0,0,1646.44
43774,512,5,0,0,1857.48
40390,387,14,0,0,1267.8000000000002
48531,647,27,0,0,1680.62
39057,605,50,0,0,1503.1399999999999
16942,587,15,0,0,1250.8400000000001
20404,774,49,0,0,1500.08
35452,574,21,0,0,1627.04
31922,517,46,0,0,1152.44
8808,659,25,0,0,955.16
39584,331,50,0,0,1157.68
40900,587,11,0,0,1375.0
47725,513,19,0,0,1660.5
21861,772,29,0,0,1410.22
26389,733,19,0,0,1260.78
16045,550,23,0,0,1203.9
27489,774,15,0,0,1686.78
19672,509,9,0,0,1011.44
27780,645,30,0,0,1420.6
20130,622,27,0,0,1519.6
13686,308,26,0,0,522.72
42382,444,6,0,0,1655.6399999999999
49532,740,18,0,0,1777.6399999999999
35365,604,8,0,0,1583.3000000000002
36797,572,39,0,0,1234.94
28061,370,42,0,0,837.22
19033,622,38,0,0,1007.6600000000001
44843,512,26,0,0,1798.8600000000001
30671,743,13,0,0,1513.42
11570,347,6,0,0,870.4
36903,792,25,0,0,1985.06
20894,592,35,0,0,1509.88
20876,417,11,0,0,940.52
13532,531,6,0,0,1301.6399999999999
25438,309,24,0,0,1149.76
34392,532,31,0,0,1371.8400000000001
20198,330,39,0,0,1162.96
9081,700,13,0,0,1036.62
43146,682,13,0,0,1896.92
6290,516,46,0,0,974.8
28036,787,9,0,0,1780.72
37333,304,13,0,0,1457.6599999999999
17768,364,13,0,0,1166.3600000000001
48834,442,30,0,0,1562.68
36667,514,26,0,0,1713.3400000000001
36844,445,10,0,0,1285.88
10938,598,35,0,0,1271.76
7235,694,40,0,0,1314.7
6794,578,29,0,0,1207.88
18880,320,26,0,0,723.6
37010,485,20,0,0,1421.2
14030,644,23,0,0,1278.6
34376,375,10,0,0,1412.52
20891,372,28,0,0,1193.82
7348,499,7,0,0,627.96
48239,690,36,0,0,1765.78
37822,388,38,0,0,1456.44
32546,751,7,0,0,1544.92
24130,444,31,0,0,848.6
15110,628,36,0,0,840.2
9898,415,13,0,0,970.96
16058,520,13,0,0,1097.16
24266,727,10,0,0,1416.32
13290,517,48,0,0,1269.8
19043,325,20,0,0,1052.8600000000001
32773,616,35,0,0,1368.46
43850,533,23,0,0,1420.0
11540,683,40,0,0,1249.8
13749,634,30,0,0,1326.98
28591,601,47,0,0,1281.8200000000002
43614,699,34,0,0,1478.28
46660,353,45,0,0,1228.2
30535,574,19,0,0,1320.7
20104,617,38,0,0,1432.08
36569,412,39,0,0,1074.38
11084,349,31,0,0,1021.6800000000001
29880,332,28,0,0,1350.6
30375,357,39,0,0,1348.5
36673,401,48,0,0,1096.46
25167,430,9,0,0,1429.3400000000001
44299,749,27,0,0,1850.98
23815,414,7,0,0,1344.3
38245,751,47,0,0,1739.9
31388,537,5,0,0,1196.76
42073,726,34,0,0,1820.46
25410,651,24,0,0,1292.2
24226,607,16,0,0,1548.52
43676,541,11,0,0,1410.52
9821,374,24,0,0,910.4200000000001
17940,333,33,0,0,777.8
11739,341,5,0,0,1063.78
36962,364,31,0,0,1502.24
20727,536,6,0,0,973.54
17539,636,30,0,0,1186.78
22385,524,38,0,0,1469.7
20091,599,50,0,0,1065.82
45732,599,11,0,0,1725.6399999999999
18081,756,5,0,0,1194.62
48908,429,31,0,0,1609.1599999999999
21070,335,40,0,0,784.4000000000001
17834,369,22,0,0,661.6800000000001
32845,799,5,0,0,1595.9
15747,469,22,0,0,1165.94
8044,471,6,0,0,897.88
48845,502,30,0,0,1409.9
23107,529,22,0,0,1410.1399999999999
24963,404,7,0,0,1014.26
21798,568,8,0,0,1028.96
17975,693,48,0,0,1425.5
